{"BasicSettingController":{"Data":{"ProgramToRun":"C:\\Uni\\OOP\\assignments\\oop-a4-5-AdrianSofariu\\Movies\\x64\\Debug\\Movies.exe","OptionalWorkingDirectory":"C:\\Uni\\OOP\\assignments\\oop-a4-5-AdrianSofariu\\Movies\\","Arguments":"","CompileBeforeRunning":true,"OptimizedBuild":false},"IsSelectedByProjectPath":{"Movies.vcxproj":true}},"FilterSettingController":{"AdditionalSourcePatterns":[],"AdditionalModulePatterns":[],"ExcludedSourcePatterns":[{"Value":"UserInterface.cpp"},{"Value":"UserInterface.h"}],"ExcludedModulePatterns":[],"UnifiedDiffs":[]},"ImportExportSettingController":{"Exports":[],"InputCoverages":[],"CoverChildrenProcesses":false,"AggregateByFile":true},"MiscellaneousSettingController":{"OptionalConfigFile":null,"LogTypeValue":0,"ContinueAfterCppExceptions":false}}